{
  "P@1": 0.985,
  "P@5": 0.986,
  "P@10": 0.986,
  "P@50": 0.9887999999999999,
  "P@100": 0.8456,
  "mAP": 0.9880386415467072
}