{
  "train_loss": [
    2.5063580123684073,
    1.8611849516252927,
    1.7118698358535767,
    1.6594313428371767,
    1.6403992040247857,
    1.6584351953071883,
    1.583072633682927,
    1.5948829183095619,
    1.570297420779361,
    1.5622273653368406,
    1.54743933074082,
    1.551383929916575,
    1.5441112639028816
  ],
  "val_loss": [
    2.152697528109831,
    1.8652071672327377,
    1.7912809918908512,
    1.8131960910909317,
    1.691667591824251,
    1.7023436812793507,
    1.7315868840498083,
    1.6900587642894072,
    1.734710560125463,
    1.7022665388443892,
    1.7276608803692985,
    1.758770746343276,
    1.706460952758789
  ]
}